,_id,ltable_id,rtable_id,ltable_Country,ltable_Industry,ltable_MarketValue,ltable_Name,rtable_Name,rtable_Country,rtable_Sector,rtable_Industry,rtable_MarketValue,gold_labels
443,443,1408,65,United States,"Electronics, Electrical Equip.",9553,Acuity Brands,Acuity Brands Inc,United States,Consumer Durables,Building Products,8994.89448,1
678,678,2029,108,United States,Life & Health Insurance,28500,Aflac,Aflac Incorporated,United States,Finance,Accident &Health Insurance,29053.25348,1
871,871,521,140,United States,Airline,9500,Alaska Air Group,"Alaska Communications Systems Group, Inc.",United States,Public Utilities,Telecommunications Equipment,94.55265638,1
1001,1001,743,166,United States,Business & Personal Services,12200,Alliance Data Systems,Alliance Data Systems Corporation,United States,Miscellaneous,Business Services,13925.39995,1
1002,1002,2999,166,United States,Tobacco,156,Alliance One International,Alliance Data Systems Corporation,United States,Miscellaneous,Business Services,13925.39995,0
1042,1042,743,168,United States,Business & Personal Services,12200,Alliance Data Systems,"Alliance Holdings GP, L.P.",United States,Energy,Coal Mining,1642.04209,0
1043,1043,2999,168,United States,Tobacco,156,Alliance One International,"Alliance Holdings GP, L.P.",United States,Energy,Coal Mining,1642.04209,0
1172,1172,743,172,United States,Business & Personal Services,12200,Alliance Data Systems,"Alliance Resource Partners, L.P.",United States,Energy,Coal Mining,1615.025829,0
1194,1194,2999,173,United States,Tobacco,156,Alliance One International,Alliance World Dollar Government Fund II,United States,n/a,n/a,1084.769337,0
1239,1239,1162,187,United States,Diversified Financials,9043,Ally Financial,Ally Financial Inc.,United States,Finance,Finance: Consumer Services,9437.188989,1
1417,1417,1178,206,United States,Diversified Insurance,761,Ambac Financial Group,"Ambac Financial Group, Inc.",United States,Finance,Property-Casualty Insurers,853.4701922,1
1608,1608,2843,223,United States,Specialty Retailers: Apparel,3012,American Eagle Outfitters,"American Eagle Outfitters, Inc.",United States,Consumer Services,Clothing/Shoe/Accessory Stores,2556.568038,1
1623,1623,1284,224,United States,Electric Utilities,30800,American Electric,"American Electric Power Company, Inc.",United States,Public Utilities,Electric Utilities: Central,33008.63133,1
1918,1918,1849,232,United States,"Insurance: Life, Health (stock)",3106,American National Insurance,"American National Bankshares, Inc.",United States,Finance,Major Banks,321.3612768,0
2450,2450,2758,257,United States,Semiconductors and Other Electronic Components,1398,Amkor Technology,"Amkor Technology, Inc.",United States,Technology,Semiconductors,2767.557707,1
2654,2654,2106,286,United States,Managed Health Care,38700,Anthem,"Anthem, Inc.",United States,Health Care,Medical Specialities,43722.92906,1
2770,2770,870,302,United States,Computer Hardware,586000,Apple,Apple Inc.,United States,Technology,Computer Manufacturing,753717.9364,1
2784,2784,3083,304,United States,Wholesalers: Diversified,1704,Applied Industrial Technologies,Applied DNA Sciences Inc,United States,Consumer Services,Other Consumer Services,44.46812756,0
3053,3053,737,345,United States,"Building Materials, Glass",2680,Armstrong World Industries,Armstrong World Industries Inc,United States,Consumer Non-Durables,Plastic Products,2479.326566,1
3720,3720,889,448,China,Computer Services,66100,Baidu,"Baidu, Inc.",China,Technology,"Computer Software: Programming, Data Processing",59849.03051,1
3781,3781,851,468,United States,Commercial Banks,39622,Bank of New York Mellon Corp.,Bank Of New York Mellon Corporation (The),United States,Finance,Major Banks,48913.05305,1
3796,3796,2856,483,United States,Specialty Retailers: Other,923,Barnes & Noble,"Barnes & Noble, Inc.",United States,Consumer Services,Other Specialty Stores,670.3306465,1
4025,4025,3084,494,United States,Wholesalers: Diversified,2429,Beacon Roofing Supply,"Beacon Roofing Supply, Inc.",United States,Consumer Services,RETAIL: Building Materials,2952.172871,1
4052,4052,1410,503,United States,"Electronics, Electrical Equip.",2577,Belden,Belden Inc,United States,Basic Industries,Telecommunications Equipment,2918.614993,1
4091,4091,814,515,United States,Capital Goods,-,Big Ass Fans,Big 5 Sporting Goods Corporation,United States,Consumer Services,Other Specialty Stores,331.4902917,0
4093,4093,1761,516,United States,Household & Personal Products,-,Big Time Products,"Big Lots, Inc.",United States,Consumer Services,Department/Specialty Retail Stores,2180.198155,0
4194,4194,704,529,United States,Biotechs,15200,BioMarin Pharmaceutical,BioMarin Pharmaceutical Inc.,United States,Health Care,Major Pharmaceuticals,15174.22093,1
4343,4343,1907,557,United States,Investment Services,60400,BlackRock,Blackrock Core Bond Trust,United States,n/a,n/a,720.0339321,1
4366,4366,1907,559,United States,Investment Services,60400,BlackRock,BlackRock Credit Allocation Income Trust,United States,n/a,n/a,1422.440317,1
4438,4438,1907,564,United States,Investment Services,60400,BlackRock,"Blackrock Enhanced Government Fund, Inc",United States,n/a,n/a,85.8662796,1
4503,4503,1907,569,United States,Investment Services,60400,BlackRock,Blackrock Health Sciences Trust,United States,n/a,n/a,299.1370872,1
4632,4632,1907,573,United States,Investment Services,60400,BlackRock,BlackRock Investment Quality Municipal Trust Inc. (The),United States,n/a,n/a,248.8512383,1
4659,4659,1907,575,United States,Investment Services,60400,BlackRock,BlackRock Maryland Municipal Bond Trust,United States,n/a,n/a,29.50741663,1
4781,4781,1907,586,United States,Investment Services,60400,BlackRock,BlackRock Municipal Income Trust II,United States,n/a,n/a,349.3018465,1
4847,4847,1907,594,United States,Investment Services,60400,BlackRock,"Blackrock MuniHoldings New York Quality Fund, Inc.",United States,n/a,n/a,424.0181533,1
4854,4854,1907,595,United States,Investment Services,60400,BlackRock,"Blackrock MuniHoldings Quality Fund II, Inc.",United States,n/a,n/a,298.326718,1
4857,4857,1907,598,United States,Investment Services,60400,BlackRock,"Blackrock MuniYield California Fund, Inc.",United States,n/a,n/a,314.5994513,1
4859,4859,1907,600,United States,Investment Services,60400,BlackRock,"Blackrock MuniYield Fund, Inc.",United States,n/a,n/a,671.8980038,1
4917,4917,1907,605,United States,Investment Services,60400,BlackRock,"Blackrock MuniYield New York Quality Fund, Inc.",United States,n/a,n/a,513.0421286,1
5407,5407,2142,657,United States,Medical Equipment & Supplies,26800,Boston Scientific,Boston Scientific Corporation,United States,Health Care,Medical/Dental Instruments,34046.31934,1
5558,5558,2474,678,United States,Pharmaceuticals,118200,Bristol-Myers Squibb,Bristol-Myers Squibb Company,United States,Health Care,Major Pharmaceuticals,89591.06441,1
5565,5565,1468,681,United States,Financial Data Services,7048,Broadridge Financial Solutions,"Broadridge Financial Solutions, Inc.",United States,Miscellaneous,Business Services,8036.857598,1
5584,5584,2271,686,United States,Network and Other Communications Equipment,4239,Brocade Communications Systems,"Brocade Communications Systems, Inc.",United States,Technology,Computer Communications Equipment,5088.118739,1
5619,5619,2412,705,United States,Other Transportation,10900,C.H. Robinson Worldwide,"C.H. Robinson Worldwide, Inc.",United States,Transportation,Oil Refining/Marketing,10925.68186,1
5921,5921,1285,742,United States,Electric Utilities,5500,Calpine,Calpine Corporation,United States,Public Utilities,Electric Utilities: Central,3967.547993,1
6080,6080,1080,761,United States,Consumer Financial Services,39200,Capital One Financial,Capital Southwest Corporation,United States,n/a,n/a,269.8258225,0
6473,6473,705,833,United States,Biotechs,86400,Celgene,Celgene Corporation,United States,Health Care,Major Pharmaceuticals,96802.36799,1
6545,6545,2816,865,United States,Specialized Chemicals,7700,CF Industries Holdings,CF Corporation,United States,Finance,Business Services,840.84,1
6787,6787,2288,889,United States,Oil & Gas Operations,4500,Chesapeake Energy,Chesapeake Granite Wash Trust,United States,Energy,Oil & Gas Production,125.05625,1
9529,9529,525,926,China,Airline,8400,China Southern Airlines,China Southern Airlines Company Limited,China,Transportation,Air Freight/Delivery Services,6528.682055,1
9666,9666,2922,927,China,Telecommunications,-,China Telecommunications,China TechFaith Wireless Communication Technology Limited,China,n/a,n/a,21.06755091,0
10602,10602,1566,943,United States,Food Production,-,CHS,CHS Inc,United States,Consumer Services,Farming/Seeds/Milling,328.0296915,1
10603,10603,1566,944,United States,Food Production,-,CHS,CHS Inc,United States,Consumer Services,Farming/Seeds/Milling,219.20974,1
10653,10653,1189,956,United States,Diversified Insurance,10600,Cincinnati Financial,Cincinnati Financial Corporation,United States,Finance,Property-Casualty Insurers,11911.21076,1
10760,10760,103,972,United States, Banks,12500,Citizens Financial Group,"Citizens, Inc.",United States,Finance,Life Insurance,372.107982,0
10776,10776,3079,979,United States,Waste Management,2842,Clean Harbors,"Clean Diesel Technologies, Inc.",United States,Capital Goods,Pollution Control Equipment,40.75104403,0
11077,11077,1298,1014,United States,Electric Utilities,21000,Consolidated Edison,Coca-Cola Bottling Co. Consolidated,United States,Consumer Non-Durables,Beverages (Production/Distribution),1924.980072,0
11084,11084,680,1015,United States,Beverages,192800,Coca-Cola,Coca-Cola Company (The),United States,Consumer Non-Durables,Beverages (Production/Distribution),182153.1,1
11213,11213,2291,1042,United States,Oil & Gas Operations,-,Colonial Group,Colonial Investment Grade Municipal Trust,United States,n/a,n/a,111.745772,0
11249,11249,2292,1048,United States,Oil & Gas Operations,10300,Columbia Pipeline Group,"Columbia Property Trust, Inc.",United States,Consumer Services,Real Estate Investment Trusts,2724.525094,0
11262,11262,2292,1050,United States,Oil & Gas Operations,10300,Columbia Pipeline Group,Columbia Sportswear Company,United States,Consumer Non-Durables,Apparel,4080.161255,0
11600,11600,2293,1081,United States,Oil & Gas Operations,15000,Concho Resources,"Comstock Resources, Inc.",United States,Energy,Oil & Gas Production,140.2502469,0
11716,11716,1298,1100,United States,Electric Utilities,21000,Consolidated Edison,"Consolidated Communications Holdings, Inc.",United States,Public Utilities,Telecommunications Equipment,1184.17675,0
11830,11830,2293,1107,United States,Oil & Gas Operations,15000,Concho Resources,"Continental Resources, Inc.",United States,Energy,Oil & Gas Production,17009.06319,0
11838,11838,2227,1114,United States,Motor Vehicles and Parts,2056,Cooper Tire & Rubber,Cooper Tire & Rubber Company,United States,Consumer Durables,Automotive Aftermarket,2346.595,1
11845,11845,2228,1115,United States,Motor Vehicles and Parts,1235,Cooper-Standard Holdings,Cooper-Standard Holdings Inc.,United States,Capital Goods,Auto Parts:O.E.M.,1963.521124,1
12062,12062,1423,1164,United States,Energy,806,Crestwood Equity Partners,CrossAmerica Partners LP,United States,Energy,Oil Refining/Marketing,877.6832434,0
12155,12155,816,1168,United States,Capital Goods,-,Crown Equipment,"Crown Crafts, Inc.",United States,Basic Industries,Textiles,82.77192825,0
12434,12434,1102,1191,United States,Convenience Stores & Gas Stations,-,Cumberland Gulf Group,Cumberland Pharmaceuticals Inc.,United States,Health Care,Major Pharmaceuticals,110.4925083,1
12599,12599,788,1245,United States,Business Services & Supplies,-,Delaware North Cos,"Delaware Investments Colorado Municipal Income Fund, Inc",United States,n/a,n/a,71.10585371,1
12619,12619,2452,1250,United States,Petroleum Refining,947,Delek US Holdings,"Delek Logistics Partners, L.P.",United States,Energy,Natural Gas Distribution,810.1426131,1
12857,12857,720,1297,United States,Broadcasting & Cable,11800,Discovery Communications,"Discovery Communications, Inc.",United States,Consumer Services,Television Services,11306.01072,1
13009,13009,1300,1313,United States,Electric Utilities,43200,Dominion Resources,"Dominion Resources, Inc.",United States,Public Utilities,Electric Utilities: Central,48753.24533,1
13053,13053,1808,1316,United States,Industrial Machinery,4242,Donaldson,"Donaldson Company, Inc.",United States,Capital Goods,Pollution Control Equipment,6013.366296,1
13086,13086,935,1327,United States,Conglomerates,10400,Dover,"Dover Motorsports, Inc.",United States,Consumer Services,Services-Misc. Amusement & Recreation,81.1605432,1
13987,13987,1366,1467,United States,Electrical Equipment,35700,Emerson Electric,Emerson Electric Company,United States,Energy,Consumer Electronics/Appliances,38613.57145,1
14173,14173,2514,1489,United States,Pipelines,-,Energy Transfer Equity,"Energy Transfer Equity, L.P.",United States,Public Utilities,Natural Gas Distribution,21292.32064,1
14222,14222,2513,1497,United States,Pipelines,3616,Enable Midstream Partners,"EnLink Midstream Partners, LP",United States,Public Utilities,Natural Gas Distribution,6274.755698,1
14393,14393,2770,1511,United States,Services,-,Enterprise Holdings,Enterprise Financial Services Corporation,United States,Finance,Major Banks,995.1564537,0
14540,14540,752,1528,United States,Business & Personal Services,13800,Equifax,"Equifax, Inc.",United States,Finance,Finance: Consumer Services,16508.83392,1
14564,14564,2606,1533,United States,Real Estate,25800,Equity Residential,"Equity Lifestyle Properties, Inc.",United States,Consumer Services,Real Estate Investment Trusts,6686.154978,1
14606,14606,1783,1546,United States,Household/Personal Care,34600,Est�_e Lauder,"Estee Lauder Companies, Inc. (The)",United States,Consumer Non-Durables,Package Goods/Cosmetics,31067.54914,1
14926,14926,1869,1601,United States,Insurance: Property and Casualty (Mutual),-,Farmers Insurance Exchange,Farmers Capital Bank Corporation,United States,Finance,Major Banks,303.025958,0
15042,15042,516,1617,United States,Air Courier,44600,FedEx,FedEx Corporation,United States,Transportation,Air Freight/Delivery Services,52178.22227,1
15118,15118,2537,1626,United States,Property & Casualty Insurance,9100,Fidelity National Financial,"Fidelity National Financial, Inc.",United States,Finance,Specialty Insurers,13186.24274,1
15191,15191,1470,1628,United States,Financial Data Services,20564,Fidelity National Information Services,"Fidelity National Information Services, Inc.",United States,Miscellaneous,Business Services,26177.50421,1
15215,15215,2537,1628,United States,Property & Casualty Insurance,9100,Fidelity National Financial,"Fidelity National Information Services, Inc.",United States,Miscellaneous,Business Services,26177.50421,1
15234,15234,1470,1629,United States,Financial Data Services,20564,Fidelity National Information Services,Fidelity Southern Corporation,United States,Finance,Major Banks,590.0837481,0
15825,15825,1428,1680,United States,Energy,6968,First Solar,"First Solar, Inc.",United States,Technology,Semiconductors,2819.611126,1
15835,15835,1428,1681,United States,Energy,6968,First Solar,First South Bancorp Inc,United States,Finance,Major Banks,115.9028914,0
17270,17270,2798,1738,United States,Software & Programming,21900,Fiserv,"Fiserv, Inc.",United States,Technology,EDP Services,24741.36907,1
17470,17470,1034,1768,United States,Construction Services,7600,Fluor,Fluor Corporation,United States,Basic Industries,Military/Government/Technical,7352.944944,1
17529,17529,1716,1785,United States,"Home Equipment, Furnishings",8551,Fortune Brands Home & Security,"Fortune Brands Home & Security, Inc.",United States,Basic Industries,Homebuilding,9340.743531,1
17609,17609,1928,1795,United States,Investment Services,24100,Franklin Resources,Franklin Covey Company,United States,Consumer Services,Other Consumer Services,278.7862196,0
17624,17624,1928,1797,United States,Investment Services,24100,Franklin Resources,"Franklin Financial Network, Inc.",United States,Finance,Major Banks,506.0425275,0
17708,17708,2697,1805,United States,Retailing,-,Fry's Electronics,"Frequency Electronics, Inc.",United States,Capital Goods,Electrical Products,95.93920518,0
17766,17766,2948,1809,United States,Telecommunications services,6600,Frontier Communications,Frontier Communications Corporation,United States,Public Utilities,Telecommunications Equipment,2520.872944,1
18225,18225,938,1855,United States,Conglomerates,285600,General Electric,General Cable Corporation,United States,Basic Industries,Telecommunications Equipment,889.8054453,0
18227,18227,2614,1855,United States,Real Estate,25200,General Growth Properties,General Cable Corporation,United States,Basic Industries,Telecommunications Equipment,889.8054453,0
18244,18244,602,1856,United States,Auto & Truck Manufacturers,49600,General Motors,"General Communication, Inc.",United States,Public Utilities,Telecommunications Equipment,744.83832,0
18257,18257,602,1857,United States,Auto & Truck Manufacturers,49600,General Motors,General Dynamics Corporation,United States,Capital Goods,Marine Transportation,56790.99523,0
18267,18267,2614,1858,United States,Real Estate,25200,General Growth Properties,General Electric Company,United States,Energy,Consumer Electronics/Appliances,259519.669,0
18273,18273,1537,1859,United States,Food Processing,36000,General Mills,General Finance Corporation,United States,Technology,Diversified Commercial Services,134.4087813,0
18274,18274,1413,1859,United States,"Electronics, Electrical Equip.",599,General Cable,General Finance Corporation,United States,Technology,Diversified Commercial Services,134.4087813,0
18276,18276,489,1859,United States,Aerospace & Defense,42900,General Dynamics,General Finance Corporation,United States,Technology,Diversified Commercial Services,134.4087813,0
18291,18291,938,1860,United States,Conglomerates,285600,General Electric,"General Mills, Inc.",United States,Consumer Non-Durables,Packaged Foods,33997.75007,0
18307,18307,602,1861,United States,Auto & Truck Manufacturers,49600,General Motors,"General Moly, Inc",United States,Basic Industries,Precious Metals,45.471624,0
18440,18440,1196,1876,United States,Diversified Insurance,1500,Genworth Financial,Genworth Financial Inc,United States,Finance,Life Insurance,2053.50777,1
18694,18694,1472,1907,United States,Financial Data Services,8447,Global Payments,"Global Net Lease, Inc.",United States,Consumer Services,Real Estate Investment Trusts,1595.762938,0
18699,18699,3087,1908,United States,Wholesalers: Diversified,459,Global Partners,Global Partner Acquisition Corp.,United States,Health Care,Hospital/Nursing Management,194.0625,0
18744,18744,1472,1910,United States,Financial Data Services,8447,Global Payments,Global Payments Inc.,United States,Miscellaneous,Business Services,12303.05311,1
18858,18858,1663,1926,United States,Health Care Equipment & Svcs,-,Golden Living,"Golden Star Resources, Ltd",United States,Basic Industries,Precious Metals,310.6488508,0
18991,18991,3068,1949,United States,Utilities: Gas and Electric,4980,Great Plains Energy,Great Lakes Dredge & Dock Corporation,United States,Basic Industries,Military/Government/Technical,246.8965253,0
19008,19008,1620,1951,United States,"Food, Drink & Tobacco",-,Great Lakes Cheese,"Great Southern Bancorp, Inc.",United States,Finance,Major Banks,705.2335688,0
19224,19224,1169,1989,United States,Diversified Financials,5929,H&R Block,"H&R Block, Inc.",United States,Consumer Services,Other Consumer Services,4816.640027,1
19297,19297,1071,2001,United States,Consumer Electronics,6300,Harman International,Handy & Harman Ltd.,United States,Capital Goods,Industrial Specialties,332.947992,0
19323,19323,1855,2005,South Korea,"Insurance: Life, Health (stock)",-,Hanwha,"Hanwha Q CELLS Co., Ltd. ",South Korea,Technology,Semiconductors,613.3180118,1
19449,19449,543,2022,United States,Airlines,2520,Hawaiian Holdings,"Hawaiian Telcom Holdco, Inc.",United States,Consumer Services,Telecommunications Equipment,263.9419211,0
19648,19648,817,2045,United States,Capital Goods,-,Heico Cos,Heico Corporation,United States,Capital Goods,Aerospace,5872.946683,1
20043,20043,605,2097,Japan,Auto & Truck Manufacturers,51100,Honda Motor,"Honda Motor Company, Ltd.",Japan,Capital Goods,Auto Manufacturing,54537.09928,1
20142,20142,1542,2109,United States,Food Processing,20000,Hormel Foods,Hormel Foods Corporation,United States,Consumer Non-Durables,Meat/Poultry/Fish,18316.26626,1
20280,20280,877,2123,United States,Computer Hardware,21900,HP,HP Inc.,United States,Technology,Computer Manufacturing,30231.1817,1
20312,20312,1323,2127,China,Electric Utilities,16300,Huaneng Power International,"Huaneng Power International, Inc.",China,Public Utilities,Electric Utilities: Central,10119.65528,1
20360,20360,3042,2128,United States,Transportation and Logistics,1454,Hub Group,"Hub Group, Inc.",United States,Transportation,Oil Refining/Marketing,1582.532592,1
20858,20858,1543,2210,United States,Food Processing,7600,Ingredion,Ingredion Incorporated,United States,Consumer Non-Durables,Packaged Foods,8645.6697,1
21164,21164,2823,2256,United States,Specialized Chemicals,9600,International Flavors & Fragrances,International Game Technology,United States,Consumer Services,Services-Misc. Amusement & Recreation,4764.517603,0
21213,21213,2133,2256,United States,Media,-,International Data Group,International Game Technology,United States,Consumer Services,Services-Misc. Amusement & Recreation,4764.517603,0
21316,21316,2442,2258,United States,Paper & Paper Products,17800,International Paper,International Speedway Corporation,United States,Consumer Services,Services-Misc. Amusement & Recreation,1663.426982,0
21398,21398,167,2266,United States, Banks,539,INTL FCStone,INTL FCStone Inc.,United States,Finance,Investment Bankers/Brokers/Service,707.7545729,1
21453,21453,1944,2279,United States,Investment Services,13400,Invesco,Invesco California Value Municipal Income Trust,United States,n/a,n/a,589.7009149,1
21493,21493,1944,2283,United States,Investment Services,13400,Invesco,Invesco Municipal Income Opportunities Trust,United States,n/a,n/a,357.6952551,1
21504,21504,1944,2284,United States,Investment Services,13400,Invesco,Invesco Municipal Opportunity Trust,United States,n/a,n/a,874.7617501,1
21965,21965,1665,2341,United States,Health Care Equipment & Svcs,-,J M Smith Corporation,J & J Snack Foods Corp.,United States,Consumer Non-Durables,Specialty Foods,2534.169944,0
22189,22189,1894,2361,China,Internet & Catalog Retail,38800,JD.com,"JD.com, Inc.",China,Consumer Services,Other Specialty Stores,44206.10004,1
22231,22231,1546,2371,United States,Food Processing,15100,JM Smucker,JM Global Holding Company,United States,Finance,Business Services,68.64375,0
22303,22303,631,2386,United States,Auto & Truck Parts,27200,Johnson Controls,Johnson & Johnson,United States,Health Care,Major Pharmaceuticals,337641.5976,0
22307,22307,631,2387,United States,Auto & Truck Parts,27200,Johnson Controls,Johnson Outdoors Inc.,United States,Consumer Non-Durables,Recreational Products/Toys,364.0857358,0
22425,22425,863,2394,United States,Communications Equipment,9100,Juniper Networks,"Juniper Networks, Inc.",United States,Technology,Computer Communications Equipment,10630.56026,1
22437,22437,2567,2404,United States,Railroads,10600,Kansas City Southern,Kansas City Southern,United States,Transportation,Railroads,9145.760796,1
22562,22562,1813,2426,United States,Industrial Machinery,1792,Kennametal,Kennametal Inc.,United States,Capital Goods,Industrial Machinery/Components,3146.009718,1
22601,22601,2631,2438,United States,Real Estate,11700,Kimco Realty,Kilroy Realty Corporation,United States,Consumer Services,Real Estate Investment Trusts,7047.559795,1
22768,22768,2262,2467,South Korea,Natural Gas Utilities,3100,Korea Gas,Korea Electric Power Corporation,South Korea,Public Utilities,Electric Utilities: Central,26615.83063,1
23321,23321,884,2535,United States,Computer Peripherals,2071,Lexmark International,"Lennox International, Inc.",United States,Capital Goods,Industrial Machinery/Components,7190.949999,0
23439,23439,1394,2540,South Korea,Electronics,8100,LG Display,"LG Display Co., Ltd.",South Korea,Capital Goods,Industrial Machinery/Components,9746.899668,1
23454,23454,1881,2546,United States,Insurance: Property and Casualty (Stock),-,Liberty Mutual Insurance Group,Liberty All-Star Equity Fund,United States,n/a,n/a,1034.339976,0
23461,23461,1895,2547,United States,Internet & Catalog Retail,13000,Liberty Interactive,"Liberty All-Star Growth Fund, Inc.",United States,n/a,n/a,119.5677372,0
23473,23473,1881,2550,United States,Insurance: Property and Casualty (Stock),-,Liberty Mutual Insurance Group,"Liberty Expedia Holdings, Inc.",United States,Consumer Services,Other Consumer Services,2590.663823,0
23481,23481,1458,2552,United States,Entertainment,12927,Liberty Media,Liberty Interactive Corporation,United States,Consumer Services,Catalog/Specialty Distribution,3799.59409,0
23512,23512,1881,2556,United States,Insurance: Property and Casualty (Stock),-,Liberty Mutual Insurance Group,Liberty Media Corporation,United States,Consumer Services,Broadcasting,1166.51295,0
23526,23526,1881,2557,United States,Insurance: Property and Casualty (Stock),-,Liberty Mutual Insurance Group,Liberty Media Corporation,United States,Consumer Services,Broadcasting,6892.226491,0
23534,23534,1895,2558,United States,Internet & Catalog Retail,13000,Liberty Interactive,Liberty Media Corporation,United States,Consumer Services,Broadcasting,13007.73035,0
23549,23549,1895,2559,United States,Internet & Catalog Retail,13000,Liberty Interactive,Liberty Property Trust,United States,Consumer Services,Real Estate Investment Trusts,5666.55224,0
23555,23555,1458,2559,United States,Entertainment,12927,Liberty Media,Liberty Property Trust,United States,Consumer Services,Real Estate Investment Trusts,5666.55224,0
23561,23561,1881,2560,United States,Insurance: Property and Casualty (Stock),-,Liberty Mutual Insurance Group,"Liberty Tax, Inc.",United States,Miscellaneous,Multi-Sector Companies,180.7263375,0
23564,23564,1895,2560,United States,Internet & Catalog Retail,13000,Liberty Interactive,"Liberty Tax, Inc.",United States,Miscellaneous,Multi-Sector Companies,180.7263375,0
23565,23565,1881,2561,United States,Insurance: Property and Casualty (Stock),-,Liberty Mutual Insurance Group,"Liberty TripAdvisor Holdings, Inc.",United States,Technology,EDP Services,1053.787598,0
23566,23566,1458,2561,United States,Entertainment,12927,Liberty Media,"Liberty TripAdvisor Holdings, Inc.",United States,Technology,EDP Services,1053.787598,0
23692,23692,2043,2577,United States,Life & Health Insurance,10600,Lincoln National,"Lincoln Electric Holdings, Inc.",United States,Technology,Industrial Machinery/Components,5712.105213,0
23693,23693,1815,2577,United States,Industrial Machinery,4064,Lincoln Electric Holdings,"Lincoln Electric Holdings, Inc.",United States,Technology,Industrial Machinery/Components,5712.105213,1
23768,23768,1459,2588,United States,Entertainment,4517,Live Nation Entertainment,"Live Oak Bancshares, Inc.",United States,Finance,Major Banks,748.534526,0
23931,23931,2725,2605,United States,Securities,2207,LPL Financial Holdings,LPL Financial Holdings Inc.,United States,Finance,Investment Bankers/Brokers/Service,3587.495827,1
24145,24145,2517,2639,United States,Pipelines,15671,Magellan Midstream Partners,Magellan Midstream Partners L.P.,United States,Energy,Natural Gas Distribution,17537.3686,1
24149,24149,1670,2639,United States,Health Care: Insurance and Managed Care,1679,Magellan Health,Magellan Midstream Partners L.P.,United States,Energy,Natural Gas Distribution,17537.3686,0
24535,24535,1834,2675,United States,Insurance Brokers,32400,Marsh & McLennan,"Marsh & McLennan Companies, Inc.",United States,Finance,Specialty Insurers,38053.61497,1
24652,24652,1744,2693,United States,Hotels & Motels,16900,Marriott International,Matthews International Corporation,United States,Capital Goods,Metal Fabrications,2177.014118,0
24691,24691,2760,2695,United States,Semiconductors and Other Electronic Components,10534,Maxim Integrated Products,"Maxim Integrated Products, Inc.",United States,Technology,Semiconductors,12709.80485,1
24777,24777,2486,2709,United States,Pharmaceuticals,40700,McKesson,McKesson Corporation,United States,Health Care,Other Pharmaceuticals,31438.90424,1
25152,25152,827,2768,United States,Casinos & Gaming,12500,MGM Resorts,MGM Resorts International,United States,Consumer Services,Hotels/Resorts,15733.0343,1
25201,25201,2745,2772,United States,Semiconductors,11100,Micron Technology,"Micron Solutions, Inc.",United States,Health Care,Biotechnology: Electromedical & Electrotherapeutic Apparatus,11.34041598,1
25346,25346,3011,2804,Japan,Trading,-,Mitsubishi,Mitsubishi UFJ Financial Group Inc,Japan,Finance,Commercial Banks,85143.859,0
25353,25353,1149,2804,Japan,Diversified Chemicals,8100,Mitsubishi Chemical,Mitsubishi UFJ Financial Group Inc,Japan,Finance,Commercial Banks,85143.859,0
25354,25354,665,2805,Japan,Banks: Commercial and Savings,-,Mizuho Financial Group,"Mizuho Financial Group, Inc.",Japan,Finance,Major Banks,46800.70691,1
25405,25405,864,2814,United States,Communications Equipment,13200,Motorola Solutions,"ModusLink Global Solutions, Inc",United States,Miscellaneous,Business Services,99.9954738,0
25590,25590,1498,2822,United States,Food Consumer Products,-,Mondelez International,"Moneygram International, Inc.",United States,Miscellaneous,Business Services,906.0572686,1
25742,25742,1956,2835,United States,Investment Services,53700,Morgan Stanley,Morgan Stanley China A Share Fund Inc.,United States,n/a,n/a,420.5617573,1
25856,25856,2367,2849,United States,"Oil and Gas Equipment, Services",1342,MRC Global,MRC Global Inc.,United States,Capital Goods,Industrial Machinery/Components,1741.993016,1
26328,26328,2375,2895,United States,Oil Services & Equipment,11000,National Oilwell Varco,National Beverage Corp.,United States,Consumer Non-Durables,Beverages (Production/Distribution),3935.973846,0
27357,27357,1433,2961,United States,Energy,3130,New Jersey Resources,"New Concept Energy, Inc",United States,Energy,Oil & Gas Production,3.5044812,0
27436,27436,1555,2966,China,Food Processing,5100,New Hope Liuhe,"New Oriental Education & Technology Group, Inc.",China,Consumer Services,Other Consumer Services,9506.190791,0
27456,27456,1842,2967,United States,"Insurance: Life, Health (Mutual)",-,New York Life Insurance,"New Relic, Inc.",United States,Technology,Computer Software: Prepackaged Software,1956.715113,0
27532,27532,2997,2970,United States,Thrifts & Mortgage Finance,7400,New York Community,"New York & Company, Inc.",United States,Consumer Services,Clothing/Shoe/Accessory Stores,125.6717924,0
27586,27586,2997,2973,United States,Thrifts & Mortgage Finance,7400,New York Community,New York Times Company (The),United States,Consumer Services,Newspapers/Magazines,2325.763541,0
27589,27589,1433,2973,United States,Energy,3130,New Jersey Resources,New York Times Company (The),United States,Consumer Services,Newspapers/Magazines,2325.763541,0
27651,27651,1433,2980,United States,Energy,3130,New Jersey Resources,"Newpark Resources, Inc.",United States,Energy,Metal Fabrications,686.4433938,0
27754,27754,3048,2998,Japan,Trucking,4800,Nippon Express,Nippon Telegraph and Telephone Corporation,Japan,Public Utilities,Telecommunications Equipment,87177.42606,0
27854,27854,2455,3016,United States,Petroleum Refining,2194,Northern Tier Energy,Northern Technologies International Corporation,United States,Capital Goods,Industrial Specialties,82.55807765,0
28013,28013,2518,3044,United States,Pipelines,3147,NuStar Energy,"Nustar GP Holdings, LLC",United States,Energy,Natural Gas Distribution,1200.501385,0
28579,28579,2547,3147,United States,Property & Casualty Insurance,4800,Old Republic International,"Old Dominion Freight Line, Inc.",United States,Transportation,Trucking Freight/Courier Services,7056.635815,0
28700,28700,3053,3151,United States,"Trucking, Truck Leasing",5836,Old Dominion Freight Line,Old Republic International Corporation,United States,Finance,Property-Casualty Insurers,5382.413906,0
28830,28830,510,3189,United States,Aerospace and Defense,5098,Orbital ATK,"Orbital ATK, Inc.",United States,Capital Goods,Military/Government/Technical,5738.6007,1
28906,28906,3108,3213,United States,Wholesalers: Health Care,2540,Owens & Minor,"Owens & Minor, Inc.",United States,Health Care,Medical Specialities,2114.30265,1
28913,28913,3108,3215,United States,Wholesalers: Health Care,2540,Owens & Minor,"Owens Realty Mortgage, Inc.",United States,Consumer Services,Real Estate Investment Trusts,182.3966,0
29108,29108,2456,3225,United States,Petroleum Refining,771,Par Pacific Holdings,"Pacific Biosciences of California, Inc.",United States,Capital Goods,Biotechnology: Laboratory Analytical Instruments,478.9264173,0
29588,29588,3109,3270,United States,Wholesalers: Health Care,4611,Patterson,"Patterson Companies, Inc.",United States,Health Care,Medical Specialities,4393.37082,1
29600,29600,2329,3278,United States,Oil & Gas Operations,3300,PBF Energy,PBF Energy Inc.,United States,Energy,Integrated oil Companies,2422.819474,1
29779,29779,647,3301,United States,"Automotive Retailing, Services",3269,Penske Automotive Group,"Penske Automotive Group, Inc.",United States,Consumer Durables,Automotive Aftermarket,4001.051889,1
29783,29783,2900,3301,United States,Specialty Stores,3100,Penske Automotive,"Penske Automotive Group, Inc.",United States,Consumer Durables,Automotive Aftermarket,4001.051889,1
29837,29837,2998,3307,United States,Thrifts & Mortgage Finance,5000,People's United Financial,Peoples Financial Services Corp. ,United States,Finance,Major Banks,309.0751774,1
30040,30040,2496,3328,United States,Pharmaceuticals,205700,Pfizer,"Pfizer, Inc.",United States,Health Care,Major Pharmaceuticals,203724.8551,1
30294,30294,3073,3369,United States,Utilities: Gas and Electric,8343,Pinnacle West Capital,"Pinnacle Entertainment, Inc.",United States,Consumer Services,Hotels/Resorts,1099.976904,0
30302,30302,1339,3369,United States,Electric Utilities,7900,Pinnacle West,"Pinnacle Entertainment, Inc.",United States,Consumer Services,Hotels/Resorts,1099.976904,0
30335,30335,1500,3371,United States,Food Consumer Products,5211,Pinnacle Foods,"Pinnacle Foods, Inc.",United States,Consumer Non-Durables,Packaged Foods,6837.470071,1
30359,30359,1754,3372,United States,"Hotels, Casinos, Resorts",2144,Pinnacle Entertainment,Pinnacle West Capital Corporation,United States,Public Utilities,Electric Utilities: Central,9283.543291,0
30360,30360,1339,3372,United States,Electric Utilities,7900,Pinnacle West,Pinnacle West Capital Corporation,United States,Public Utilities,Electric Utilities: Central,9283.543291,0
30376,30376,2336,3373,United States,Oil & Gas Operations,25100,Pioneer Natural Resources,Pioneer Diversified High Income Trust,United States,n/a,n/a,134.8245422,0
30435,30435,2336,3377,United States,Oil & Gas Operations,25100,Pioneer Natural Resources,Pioneer Municipal High Income Advantage Trust,United States,n/a,n/a,262.3641271,0
30454,30454,2336,3378,United States,Oil & Gas Operations,25100,Pioneer Natural Resources,Pioneer Natural Resources Company,United States,Energy,Oil & Gas Production,31621.28842,0
30525,30525,2964,3389,Philippines,Telecommunications services,8400,PLDT,PLDT Inc.,Philippines,Public Utilities,Telecommunications Equipment,6948.353724,1
31472,31472,2645,3495,United States,Real Estate,23600,Prologis,"Prologis, Inc.",United States,Consumer Services,Real Estate Investment Trusts,27473.56196,1
31573,31573,2646,3525,United States,Real Estate,44500,Public Storage,Public Service Enterprise Group Incorporated,United States,Public Utilities,Power Generation,22450.73726,0
31760,31760,1691,3556,United States,Healthcare Services,10700,Quest Diagnostics,Quest Diagnostics Incorporated,United States,Health Care,Medical Specialities,13500.66115,1
32138,32138,2339,3607,United States,Oil & Gas Operations,-,Red Apple Group,"Red Robin Gourmet Burgers, Inc.",United States,Consumer Services,Restaurants,750.2388594,0
32511,32511,1818,3659,United States,Industrial Machinery,2050,Rexnord,Rexnord Corporation,United States,Technology,Industrial Machinery/Components,2387.094514,1
32530,32530,3008,3660,United States,Tobacco,68300,Reynolds American,Reynolds American Inc,United States,Consumer Non-Durables,Farming/Seeds/Milling,89931.89027,1
32767,32767,2716,3692,United States,"Scientific,Photographic and Control Equipment",18472,Roper Technologies,"Roper Technologies, Inc.",United States,Capital Goods,Industrial Machinery/Components,21036.01017,1
32804,32804,1746,3698,United States,Hotels & Motels,15900,Royal Caribbean Cruises,"Royal Gold, Inc.",United States,Basic Industries,Precious Metals,4576.579452,0
33077,33077,1569,3739,United States,Food Production,2036,Sanderson Farms,"Sanderson Farms, Inc.",United States,Consumer Non-Durables,Meat/Poultry/Fish,2360.68871,1
33101,33101,2763,3744,United States,Semiconductors and Other Electronic Components,1805,Sanmina,Sanmina Corporation,United States,Technology,Electrical Products,3012.600614,1
33130,33130,2967,3749,United States,Telecommunications services,13000,SBA Communications,SBA Communications Corporation,United States,Consumer Services,Real Estate Investment Trusts,14562.02881,1
33332,33332,848,3758,United States,Chemicals,4469,Scotts Miracle-Gro,Scotts Miracle-Gro Company (The),United States,Basic Industries,Agricultural Chemicals,5588.661844,1
33511,33511,1677,3777,United States,Health Care: Medical Facilities,1550,Select Medical Holdings,"Second Sight Medical Products, Inc.",United States,Health Care,Biotechnology: Electromedical & Electrotherapeutic Apparatus,69.32972367,0
33559,33559,1677,3782,United States,Health Care: Medical Facilities,1550,Select Medical Holdings,Select Comfort Corporation,United States,Consumer Durables,Home Furnishings,1064.94525,0
34125,34125,2440,3835,United States,"Packaging, Containers",3211,Silgan Holdings,Silgan Holdings Inc.,United States,Consumer Durables,Containers/Packaging,3267.836739,1
34325,34325,2348,3856,South Korea,Oil & Gas Operations,13000,SK Innovation,"SK Telecom Co., Ltd.",South Korea,Public Utilities,Telecommunications Equipment,16017.46529,1
34346,34346,2752,3863,United States,Semiconductors,13600,Skyworks Solutions,"Skyworks Solutions, Inc.",United States,Technology,Semiconductors,18118.30052,1
34412,34412,649,3884,United States,"Automotive Retailing, Services",851,Sonic Automotive,"Sonic Automotive, Inc.",United States,Consumer Durables,Automotive Aftermarket,899.9487613,1
34436,34436,1077,3890,Japan,Consumer Electronics,34100,Sony,Sony Corp Ord,Japan,Consumer Non-Durables,Consumer Electronics/Appliances,42613.17193,1
34622,34622,538,3907,United States,Airline,30200,Southwest Airlines,Southwest Airlines Company,United States,Transportation,Air Freight/Delivery Services,33076.08321,1
34627,34627,3075,3908,United States,Utilities: Gas and Electric,3125,Southwest Gas,"Southwest Bancorp, Inc.",United States,Finance,Major Banks,488.7179253,0
34744,34744,2155,3945,United States,Medical Equipment & Supplies,17200,St Jude Medical,St. Joe Company (The),United States,Consumer Services,Homebuilding,1267.545183,0
34746,34746,2166,3945,United States,Medical Products and Equipment,15599,St. Jude Medical,St. Joe Company (The),United States,Consumer Services,Homebuilding,1267.545183,0
34888,34888,2903,3955,United States,Specialty Stores,6800,Staples,"Staples, Inc.",United States,Consumer Services,Other Specialty Stores,5722.68653,1
35074,35074,3080,3972,United States,Waste Management,10682,Stericycle,"Stericycle, Inc.",United States,Basic Industries,Environmental Services,7066.136761,1
35255,35255,1159,4004,Japan,Diversified Chemicals,7800,Sumitomo Chemical,Sumitomo Mitsui Financial Group Inc,Japan,Finance,Commercial Banks,49561.38784,0
35263,35263,250,4004,Japan, Banks,13000,Sumitomo Mitsui Trust,Sumitomo Mitsui Financial Group Inc,Japan,Finance,Commercial Banks,49561.38784,1
35777,35777,2572,4074,Taiwan,Railroads,2700,Taiwan High Speed Rail,Taiwan Semiconductor Manufacturing Company Ltd.,Taiwan,Technology,Semiconductors,170308.24,0
36038,36038,1453,4099,United States,"Engineering, Construction",1748,Tetra Tech,Tech Data Corporation,United States,Technology,Retail: Computer Software & Peripheral Equipment,3568.434604,0
36239,36239,991,4131,United States,Construction and Farm Machinery,2702,Terex,Terex Corporation,United States,Capital Goods,Construction/Ag Equipment/Trucks,3325.26,1
36338,36338,958,4152,United States,Conglomerates,10800,Textron,Textron Inc.,United States,Capital Goods,Aerospace,12851.40752,1
36480,36480,2528,4206,United States,Printing & Publishing,30900,Thomson Reuters,Thomson Reuters Corp,United States,Consumer Services,Publishing,31290.441,1
36572,36572,1820,4218,United States,Industrial Machinery,2659,Timken,Timken Steel Corporation,United States,Basic Industries,Steel/Iron Ore,839.0546645,1
37057,37057,501,4253,United States,Aerospace & Defense,12100,TransDigm Group,Transdigm Group Incorporated,United States,Capital Goods,Military/Government/Technical,11634.24842,1
37117,37117,1502,4262,United States,Food Consumer Products,4892,TreeHouse Foods,"Treehouse Foods, Inc.",United States,Consumer Non-Durables,Packaged Foods,4812.923201,1
37361,37361,2662,4302,United States,Real Estate,2700,Two Harbors Investment,Two Harbors Investments Corp,United States,Consumer Services,Real Estate Investment Trusts,3346.056298,1
37488,37488,562,4327,United States,Apparel,18446,Under Armour,"Under Armour, Inc.",United States,Consumer Non-Durables,Apparel,8674.132538,1
37515,37515,2574,4334,United States,Railroads,75400,Union Pacific,"Union Bankshares, Inc.",United States,Finance,Major Banks,191.6486983,0
37525,37525,2574,4335,United States,Railroads,75400,Union Pacific,Union Pacific Corporation,United States,Transportation,Railroads,86197.19182,1
37660,37660,540,4345,United States,Airline,17100,United Continental Holdings,"United Continental Holdings, Inc.",United States,Transportation,Air Freight/Delivery Services,22224.94407,1
37905,37905,856,4355,United States,Commercial Banks,70518,United States Bancorp,United States Antimony Corporation,United States,Capital Goods,Metal Fabrications,33.13892738,0
37916,37916,2185,4356,United States,Metals,2350,United States Steel,United States Cellular Corporation,United States,Public Utilities,Telecommunications Equipment,3167.41317,0
37944,37944,856,4357,United States,Commercial Banks,70518,United States Bancorp,"United States Lime & Minerals, Inc.",United States,Basic Industries,Mining & Quarrying of Nonmetallic Minerals (No Fuels),440.4908156,0
37966,37966,856,4358,United States,Commercial Banks,70518,United States Bancorp,United States Steel Corporation,United States,Basic Industries,Steel/Iron Ore,5892.770629,0
38040,38040,1694,4367,United States,Healthcare Services,12600,Universal Health,Universal American Corp.,United States,Health Care,Medical Specialities,592.499473,0
38045,38045,1649,4367,United States,Forest and Paper Products,1738,Universal Forest Products,Universal American Corp.,United States,Health Care,Medical Specialities,592.499473,0
38052,38052,1649,4368,United States,Forest and Paper Products,1738,Universal Forest Products,Universal Corporation,United States,Consumer Services,Farming/Seeds/Milling,1788.096517,0
38086,38086,1678,4371,United States,Health Care: Medical Facilities,12181,Universal Health Services,"Universal Forest Products, Inc.",United States,Basic Industries,Forest Products,2004.455578,0
38103,38103,1678,4372,United States,Health Care: Medical Facilities,12181,Universal Health Services,Universal Health Realty Income Trust,United States,Consumer Services,Real Estate Investment Trusts,877.142208,0
38160,38160,1649,4373,United States,Forest and Paper Products,1738,Universal Forest Products,"Universal Health Services, Inc.",United States,Health Care,Hospital/Nursing Management,12021.46392,0
38178,38178,1678,4375,United States,Health Care: Medical Facilities,12181,Universal Health Services,"Universal Logistics Holdings, Inc.",United States,Transportation,Trucking Freight/Courier Services,408.1555289,0
38180,38180,1649,4376,United States,Forest and Paper Products,1738,Universal Forest Products,"Universal Security Instruments, Inc.",United States,Consumer Non-Durables,Electronic Components,6.82301665,0
38204,38204,1694,4377,United States,Healthcare Services,12600,Universal Health,"Universal Stainless & Alloy Products, Inc.",United States,Basic Industries,Steel/Iron Ore,127.638618,0
38303,38303,3107,4389,United States,Wholesalers: Food and Grocery,-,US Foods Holding,US Foods Holding Corp.,United States,Consumer Non-Durables,Food Distributors,6206.455721,1
38361,38361,1010,4396,United States,Construction Materials,4200,USG,USG Corporation,United States,Capital Goods,Building Materials,4648.616347,1
38472,38472,1478,4413,United States,Financial Data Services,10311,Vantiv,"Vantiv, Inc.",United States,Miscellaneous,Business Services,12633.64862,1
38564,38564,2664,4423,United States,Real Estate,20300,Ventas,"Ventas, Inc.",United States,Consumer Services,Real Estate Investment Trusts,23064.68044,1
38599,38599,735,4443,United States,Broadcasting & Cable,17300,Viacom,Viacom Inc.,United States,Consumer Services,Television Services,16198.59042,1
38756,38756,2765,4468,United States,Semiconductors and Other Electronic Components,1803,Vishay Intertechnology,"Vishay Precision Group, Inc.",United States,Capital Goods,Electrical Products,208.790838,1
38759,38759,644,4472,United States,Auto & Truck Parts,2800,Visteon,Visteon Corporation,United States,Capital Goods,Auto Parts:O.E.M.,3213.854102,1
38934,38934,1976,4488,United States,Investment Services,6700,Voya Financial,"Voya Financial, Inc.",United States,Finance,Life Insurance,7191.185257,1
39304,39304,1362,4534,United States,Electric Utilities,17900,WEC Energy Group,"WEC Energy Group, Inc.",United States,Public Utilities,Power Generation,19133.62898,1
39399,39399,2112,4540,United States,Managed Health Care,4200,WellCare Health Plans,"WellCare Health Plans, Inc.",United States,Health Care,Medical Specialities,6211.523971,1
39430,39430,2669,4546,United States,Real Estate,24300,Welltower,Welltower Inc.,United States,Consumer Services,Real Estate Investment Trusts,25722.24056,1
39440,39440,3055,4548,United States,"Trucking, Truck Leasing",1957,Werner Enterprises,"Werner Enterprises, Inc.",United States,Transportation,Trucking Freight/Courier Services,1891.449867,1
39588,39588,772,4561,United States,Business & Personal Services,9900,Western Union,Western Asset Bond Fund,United States,n/a,n/a,158.9080404,0
39598,39598,2362,4562,United States,Oil & Gas Operations,2600,Western Refining,Western Asset Corporate Loan Fund Inc,United States,n/a,n/a,112.0771438,0
39599,39599,1848,4562,United States,"Insurance: Life, Health (Mutual)",-,Western & Southern Financial Group,Western Asset Corporate Loan Fund Inc,United States,n/a,n/a,112.0771438,0
39612,39612,1490,4563,United States,Food and Drug Stores,1212,Weis Markets,Western Asset Emerging Markets Debt Fund Inc,United States,n/a,n/a,941.563186,0
39613,39613,772,4563,United States,Business & Personal Services,9900,Western Union,Western Asset Emerging Markets Debt Fund Inc,United States,n/a,n/a,941.563186,0
39668,39668,1848,4566,United States,"Insurance: Life, Health (Mutual)",-,Western & Southern Financial Group,Western Asset High Income Fund II Inc.,United States,n/a,n/a,622.3918403,0
39675,39675,772,4567,United States,Business & Personal Services,9900,Western Union,"Western Asset High Income Opportunity Fund, Inc.",United States,n/a,n/a,651.3303434,0
39685,39685,2362,4568,United States,Oil & Gas Operations,2600,Western Refining,Western Asset Intermediate Muni Fund Inc,United States,n/a,n/a,134.3452851,0
39701,39701,921,4569,United States,Computer Storage Devices,10200,Western Digital,Western Asset Investment Grade Defined Opportunity Trust Inc.,United States,n/a,n/a,220.202415,0
39720,39720,772,4569,United States,Business & Personal Services,9900,Western Union,Western Asset Investment Grade Defined Opportunity Trust Inc.,United States,n/a,n/a,220.202415,0
39725,39725,772,4570,United States,Business & Personal Services,9900,Western Union,"Western Asset Managed Municipals Fund, Inc.",United States,n/a,n/a,592.4498307,0
39775,39775,772,4573,United States,Business & Personal Services,9900,Western Union,Western Asset Municipal Defined Opportunity Trust Inc,United States,n/a,n/a,272.5785354,0
39784,39784,921,4574,United States,Computer Storage Devices,10200,Western Digital,"Western Asset Municipal High Income Fund, Inc.",United States,n/a,n/a,156.4061128,0
39792,39792,2362,4575,United States,Oil & Gas Operations,2600,Western Refining,"Western Asset Municipal Partners Fund, Inc.",United States,n/a,n/a,146.8550419,0
39838,39838,2362,4578,United States,Oil & Gas Operations,2600,Western Refining,Western Asset/Claymore U.S. Treasury Inflation Prot Secs Fd,United States,n/a,n/a,335.5489697,0
39876,39876,772,4581,United States,Business & Personal Services,9900,Western Union,"Western Gas Partners, LP",United States,Public Utilities,Natural Gas Distribution,8646.169122,0
39923,39923,1161,4586,United States,Diversified Chemicals,6700,Westlake Chemical,Westlake Chemical Corporation,United States,Basic Industries,Major Chemicals,8515.496448,0
39978,39978,2670,4593,United States,Real Estate,24700,Weyerhaeuser,Weyerhaeuser Company,United States,Consumer Services,Real Estate Investment Trusts,25450.96132,1
40187,40187,2387,4610,United States,Oil Services & Equipment,14700,Williams,"Williams Companies, Inc. (The)",United States,Public Utilities,Natural Gas Distribution,24436.12973,1
40208,40208,2930,4614,United States,Telecommunications,703,Windstream Holdings,"Windstream Holdings, Inc.",United States,Public Utilities,Telecommunications Equipment,1008.595122,1
40486,40486,563,4641,United States,Apparel,1840,Wolverine World Wide,"Wolverine Bancorp, Inc.",United States,Finance,Banks,68.37850242,1
40493,40493,275,4644,South Korea, Banks,6200,Woori Bank,Woori Bank,South Korea,Finance,Commercial Banks,7890.424575,1
40512,40512,2908,4649,United States,Specialty Stores,3500,World Fuel Services,World Fuel Services Corporation,United States,Energy,Oil Refining/Marketing,2535.087744,1
40524,40524,563,4649,United States,Apparel,1840,Wolverine World Wide,World Fuel Services Corporation,United States,Energy,Oil Refining/Marketing,2535.087744,0
40541,40541,2908,4650,United States,Specialty Stores,3500,World Fuel Services,"World Wrestling Entertainment, Inc.",United States,Consumer Services,Movies/Entertainment,1698.695713,0
40796,40796,3056,4688,United States,"Trucking, Truck Leasing",310,YRC Worldwide,"YRC Worldwide, Inc.",United States,Transportation,Trucking Freight/Courier Services,369.3015132,1
40906,40906,279,4704,United States, Banks,5600,Zions Bancorp,Zions Bancorporation,United States,Finance,Major Banks,8501.753568,1
